|7an|,|tujuan|
|@|,|di|
|abis|,|habis|
|ad|,|ada|
|adlah|,|adalah|
|adlh|,|adalah|
|adoh|,|aduh|
|aha|,|tertawa|
|ahaha|,|tertawa|
|aing|,|saya|
|aj|,|saja|
|aja|,|saja|
|aje|,|saja|
|ajj|,|saja|
|ak|,|saya|
|akika|,|aku|
|akko|,|aku|
|akkoh|,|aku|
|akku|,|aku|
|akuwh|,|aku|
|akyu|,|aku|
|alay|,|norak|
|alow|,|halo|
|ama|,|sama|
|ambilin|,|ambilkan|
|ambl|,|ambil|
|ancur|,|hancur|
|ank|,|anak|
|anter|,|antar|
|ap|,|apa|
|ap2|,|apa|
|apaan|,|apa|
|ape|,|apa|
|apes|,|sial|
|aplot|,|unggah|
|aps|,|apa|
|apva|,|apa|
|aq|,|saya|
|aqu|,|aku|
|aquwh|,|aku|
|asap|,|segera|
|asbun|,|asal|
|aseek|,|asyik|
|aseekk|,|asyik|
|asek|,|asyik|
|asekk|,|asyik|
|aseknya|,|asyiknya|
|asem|,|asam|
|asoy|,|asyik|
|astul|,|asal|
|ato|,|atau|
|ava|,|avatar|
|awak|,|saya|
|aws|,|awas|
|ay|,|sayang|
|ayang|,|sayang|
|ayank|,|sayang|
|ayok|,|ayo|
|b4|,|sebelum|
|bakalan|,|akan|
|bales|,|balas|
|bangedh|,|banget|
|bangkotan|,|tua|
|basbang|,|basi|
|bazis|,|zakat|
|bcanda|,|bercanda|
|bcoz|,|karena|
|bdg|,|bandung|
|beb|,|sayang|
|begajulan|,|nakal|
|bejibun|,|banyak|
|beliin|,|belikan|
|belom|,|belum|
|bencong|,|banci|
|bener|,|benar|
|bentar|,|sebentar|
|ber2|,|berdua|
|ber3|,|bertiga|
|beresin|,|membereskan|
|bet|,|banget|
|bete|,|kesal|
|beti|,|bedatipis|
|beud|,|banget|
|beut|,|banget|
|bg|,|abang|
|bgd|,|banget|
|bgmn|,|bagaimana|
|bgs|,|bagus|
|bgt|,|banget|
|bhubu|,|tidur|
|bijimane|,|bagaimana|
|bkl|,|akan|
|bkn|,|bukan|
|bknnya|,|bukannya|
|bl|,|beli|
|blegug|,|bodoh|
|blg|,|bilang|
|blh|,|boleh|
|blm|,|belum|
|bln|,|bulan|
|bls|,|balas|
|blum|,|belum|
|bnchi|,|benci|
|bnci|,|benci|
|bngung|,|bingung|
|bnran|,|sungguh|
|bnyk|,|banyak|
|bodor|,|lucu|
|bohay|,|aduhai|
|bokap|,|ayah|
|bokep|,|porno|
|bokin|,|pacar|
|bokis|,|bohong|
|bole|,|boleh|
|boljug|,|boleh|
|bolot|,|bodoh|
|bonek|,|nekat|
|bonyok|,|orangtua|
|boyeh|,|boleh|
|bpk|,|bapak|
|br|,|baru|
|brg|,|bareng|
|brngkt|,|berangkat|
|bro|,|saudara|
|brp|,|berapa|
|bru|,|baru|
|brur|,|saudara|
|bs|,|bisa|
|bsa|,|bisa|
|bsen|,|bosan|
|bsk|,|besok|
|bt|,|bosan|
|bt|,|buat|
|btw|,|ngomong|
|bu_bu|,|tidur|
|buaya|,|tidak|
|bubarin|,|bubarkan|
|bubbu|,|tidur|
|bubu|,|tidur|
|buser|,|sergap|
|bw|,|bawa|
|bwhn|,|bawahan|
|bwt|,|buat|
|byar|,|bayar|
|byk|,|banyak|
|byr|,|bayar|
|byrin|,|bayarkan|
|c8|,|chat|
|cabal|,|sabar|
|cabut|,|pergi|
|cadas|,|keren|
|caem|,|cakep|
|calo|,|makelar|
|cama-cama|,|sama-sama|
|can|,|belum|
|cangcut|,|celanadalam|
|capcus|,|pergi|
|cape|,|capek|
|caper|,|cariperhatian|
|ce|,|cewek|
|cekak|,|miskin|
|cekidot|,|lihat|
|cemen|,|penakut|
|cemplungin|,|cemplungkan|
|cengengesan|,|tertawa|
|ceper|,|pendek|
|cepet|,|cepat|
|ceu|,|kakak|
|cew|,|cewek|
|cewe|,|cewek|
|chuyunk|,|sayang|
|cibuk|,|sibuk|
|cimeng|,|ganja|
|cin|,|cinta|
|cipikacipiki|,|cium|
|ciye|,|cie|
|ciyh|,|sih|
|ckck|,|ck|
|ckepp|,|cakep|
|ckp|,|cakep|
|ckp|,|cukup|
|clbk|,|cinta|
|cmpr|,|campur|
|cmpur|,|campur|
|cnenk|,|senang|
|cong|,|banci|
|congor|,|mulut|
|conlok|,|cinta|
|cow|,|cowok|
|cowwyy|,|maaf|
|coz|,|karena|
|cp|,|siapa|
|cpa|,|siapa|
|cpe|,|capek|
|cppa|,|siapa|
|cppe|,|capek|
|cr|,|cara|
|cucok|,|cocok|
|cuex|,|cuek|
|cuman|,|Cuma|
|cungkring|,|kurus|
|cups|,|culun|
|cupu|,|culun|
|curanmor|,|pencurian|
|curas|,|pencurian|
|curcol|,|curahan hati|
|curhat|,|curahan hati|
|cwek|,|cewek|
|cwok|,|cowok|
|cyin|,|cinta|
|cz|,|karena|
|d|,|di|
|dagh|,|sudah|
|dah|,|sudah|
|damang|,|sehat|
|dapet|,|dapat|
|dateng|,|datang|
|de|,|adik|
|dech|,|deh|
|dek|,|adik|
|deket|,|dekat|
|demen|,|suka|
|dengerin|,|dengarkan|
|deyh|,|deh|
|dg|,|dengan|
|dgn|,|dengan|
|dh|,|deh|
|diancurin|,|dihancurkan|
|digosipin|,|digosipkan|
|dimaafin|,|dimaafkan|
|dimana2|,|dimana-mana|
|dimintak|,|diminta|
|dimna|,|dimana|
|disono|,|disana|
|diuber|,|dikejar|
|dket|,|dekat|
|dkit|,|sedikit|
|dl|,|dulu|
|dlm|,|dalam|
|dlu|,|dulu|
|dmn|,|dimana|
|dngn|,|dengan|
|doang|,|saja|
|dodol|,|bodoh|
|doi|,|dia|
|doku|,|uang|
|donjuan|,|playboy|
|dongs|,|dong|
|donlot|,|unduh|
|dpt|,|dapat|
|dr|,|dari|
|dri|,|dari|
|drmana|,|darimana|
|drmn|,|darimana|
|drpd|,|dari pada|
|drtd|,|dari tadi|
|dstu|,|disitu|
|dtg|,|datang|
|duh|,|aduh|
|duit|,|uang|
|duren|,|durian|
|dy|,|dia|
|ed|,|edisi|
|edan|,|gila|
|eike|,|aku|
|eke|,|aku|
|elo|,|kamu|
|elu|,|kamu|
|emang|,|memang|
|emangnya|,|memangnya|
|emg|,|memang|
|emng|,|memang|
|endak|,|tidak|
|engga|,|tidak|
|enggak|,|tidak|
|entar|,|nanti|
|envy|,|iri|
|etc|,|etcetera|
|ex|,|mantan|
|ext|,|extension|
|fax|,|facsimile|
|fb|,|facebook|
|folbek|,|followback|
|fwd|,|diteruskan|
|fyi|,|informasi|
|ga|,|tidak|
|gaada|,|tidak|
|gabisa|,|tidak|
|gag|,|tidak|
|gahar|,|sangar|
|gaje|,|tidak|
|gak|,|tidak|
|gakpapa|,|tidak apa-apa|
|gamau|,|tidak|
|gan|,|juragan|
|gapapa|,|tidakapa-apa|
|gaptek|,|gagap teknologi|
|gatau|,|tidak tahu|
|gatek|,|gagap teknologi|
|gatot|,|gagal|
|gawe|,|kerja|
|gax|,|tidak|
|gbs|,|tidak bisa|
|gda|,|tidak ada uang|
|gebetan|,|orang yang disuka|
|geer|,|gede rasa|
|geje|,|tidak jelas|
|gelo|,|gila|
|gepeng|,|gelandangan dan pengemis|
|ghiey|,|lagi|
|ghiy|,|lagi|
|gi|,|lagi|
|gile|,|gila|
|giman|,|gigi mancung|
|gimana|,|bagaimana|
|gini|,|begini|
|gino|,|gigi nongol|
|gitchu|,|gitu|
|githu|,|gitu|
|gitu|,|begitu|
|gj|,|tidak jelas|
|gk|,|tidak|
|gmana|,|bagaimana|
|gmn|,|bagaimana|
|gn|,|begini|
|goblog|,|goblok|
|goblok|,|bodoh|
|good|,|bagus|
|gokil|,|gila|
|golput|,|golongan putih|
|gombal|,|suka merayu|
|gowes|,|mengayuh sepeda|
|gpl|,|tidak pakai lama|
|gpny|,|tidak punya|
|gpp|,|tidak apa-apa|
|gr|,|gede rasa|
|gretong|,|gratis|
|gretongan|,|gratisan|
|gt|,|begitu|
|gtau|,|tidak tahu|
|gtw|,|tidak tahu|
|gua|,|saya|
|gue|,|saya|
|guoblok|,|goblok|
|guys|,|teman-teman|
|gw|,|saya|
|gws|,|cepat sembuh|
|ha|,|tertawa|
|haghaghag|,|tertawa|
|haha|,|tertawa|
|hakhak|,|tertawa|
|hallow|,|halo|
|handak|,|bahan peledak|
|hankam|,|pertahanan dan keamanan|
|hansip|,|pertahanan sipil|
|hehe|,|he|
|hellow|,|halo|
|helo|,|halo|
|helow|,|halo|
|hey|,|hai|
|hi|,|hai|
|hlm|,|halaman|
|hlng|,|hilang|
|hny|,|hanya|
|hnya|,|hanya|
|hoax|,|isubohong|
|houm|,|rumah|
|hr|,|hari|
|hrs|,|harus|
|hrus|,|harus|
|hubad|,|hubungan angkatan darat|
|hubdar|,|perhubungan darat|
|hubla|,|perhubungan laut|
|huff|,|mengeluh|
|huft|,|mengeluh|
|hum|,|rumah|
|humas|,|hubungan masyarakat|
|humz|,|rumah|
|idk|,|saya tidak tahu|
|ilang|,|hilang|
|ilfeel|,|tidak suka|
|ilfil|,|tidak suka|
|imba|,|jago sekali|
|imho|,|in my humble opinion|
|imoet|,|imut|
|imoetz|,|imut|
|info|,|informasi|
|item|,|hitam|
|itung|,|hitung|
|itungan|,|hitungan|
|iy|,|iya|
|iyala|,|iyalah|
|iye|,|iya|
|iyo|,|iya|
|ja|,|saja|
|jablay|,|jarang dibelai|
|jadiin|,|jadikan|
|jadul|,|jaman dulu|
|jaim|,|jaga image|
|jancuk|,|anjing|
|jayus|,|tidak lucu|
|jd|,|jadi|
|jdi|,|jadi|
|jdikan|,|jadikan|
|jem|,|jam|
|jg|,|juga|
|jga|,|juga|
|jgn|,|jangan|
|jgnkan|,|jangankan|
|jijay|,|jijik|
|jir|,|anjing|
|jkt|,|jakarta|
|jln|,|jalan|
|jnj|,|janji|
|jomblo|,|tidak punya pacar|
|jth|,|jatuh|
|jubir|,|juru bicara|
|jurdil|,|jujur adil|
|jutek|,|galak|
|jwb|,|jawab|
|k|,|ke|
|ka|,|kakak|
|kab|,|kabupaten|
|kabag|,|kepalabagian|
|kabor|,|kabur|
|kacian|,|kasihan|
|kacrut|,|kacau|
|kadit|,|kepala direktorat|
|kadiv|,|kepala divisi|
|kaga|,|tidak|
|kagak|,|tidak|
|kaka|,|kakak|
|kalo|,|kalau|
|kalo|,|kalau|
|kampret|,|sialan|
|kamtib|,|keamanan dan ketertiban|
|kamtibmas|,|keamanan dan ketertiban masyarakat|
|kamuh|,|kamu|
|kamuwh|,|kamu|
|kamyu|,|kamu|
|kanwil|,|kantor wilayah|
|kapt|,|kapten|
|karna|,|karena|
|kasat|,|kepala satuan|
|kasubbag|,|kepala sub bagian|
|kasubbid|,|kepala sub bidang|
|katrok|,|kampungan|
|kau|,|kamu|
|kayanya|,|kayaknya|
|kbar|,|kabar|
|kbr|,|kabar|
|kcian|,|kasihan|
|kdu|,|harus|
|keburu|,|terlanjur|
|kec|,|kecamatan|
|kedubes|,|kedutaan besar|
|kejurnas|,|kejuaraan nasional|
|kek|,|seperti|
|kekeuh|,|keras kepala|
|keknya|,|kayaknya|
|kel|,|kelurahan|
|keliatan|,|kelihatan|
|kemaren|,|kemarin|
|keneh|,|masih|
|kepengen|,|mau|
|kepikiran|,|terpikirkan|
|kepingin|,|mau|
|kepo|,|mau tahu urusan orang|
|kepsek|,|kepala sekolah|
|kere|,|tidak punya uang|
|kesbang|,|kesatuan bangsa|
|kesian|,|kasihan|
|kesra|,|kesejahteraan rakyat|
|ketauan|,|ketahuan|
|ketrima|,|diterima|
|keukeuh|,|keras kepala|
|kgiatan|,|kegiatan|
|khan|,|kan|
|kibul|,|bohong|
|kibus|,|kaki busuk|
|kimpoi|,|kawin|
|kk|,|kakak|
|kl|,|kalau|
|klian|,|kalian|
|klianz|,|kalian|
|klo|,|kalau|
|kloter|,|kelompok terbang|
|kluarga|,|keluarga|
|klw|,|kalau|
|klwrga|,|keluarga|
|km|,|kamu|
|kmari|,|kemari|
|kmps|,|kampus|
|kmpus|,|kampus|
|kmrn|,|kemarin|
|kn|,|kan|
|knal|,|kenal|
|knl|,|kenal|
|knp|,|kenapa|
|knpa|,|kenapa|
|kodya|,|kota madya|
|kog|,|kok|
|komdis|,|komisi disiplin|
|kompi|,|komputer|
|komsov|,|komunis sovyet|
|komtiong|,|komunis Tiongkok|
|kongkow|,|kumpul bareng teman-teman|
|konjen|,|konsulat jenderal|
|kopdar|,|kopidarat|
|koq|,|kok|
|korup|,|korupsi|
|kpd|,|kepada|
|kpn|,|kapan|
|kptsan|,|keputusan|
|krenz|,|keren|
|krik|,|garing|
|krm|,|kirim|
|krn|,|karena|
|kt|,|kita|
|ktauan|,|ketahuan|
|ktmu|,|ketemu|
|ktny|,|katanya|
|ktr|,|kantor|
|kudu|,|harus|
|kuper|,|kurang pergaulan|
|kuq|,|kok|
|kw|,|imitasi|
|ky|,|seperti|
|kyk|,|seperti|
|kykny|,|kayanya|
|la|,|lah|
|laka|,|kecelakaan|
|lam|,|salam|
|lambreta|,|lambat|
|lamp|,|lampiran|
|lansia|,|lanjutusia|
|lapas|,|lembaga pemasyarakatan|
|latgab|,|latihan gabungan|
|lbur|,|libur|
|lebay|,|berlebihan|
|leh|,|boleh|
|lekong|,|laki-laki|
|lelet|,|lambat|
|lemot|,|lambat|
|lemot|,|lemah otak|
|lg|,|lagi|
|lgi|,|lagi|
|lgkp|,|lengkap|
|lgsg|,|langsung|
|lht|,|lihat|
|liat|,|lihat|
|linmas|,|perlindungan masyarakat|
|litbang|,|penelitian dan pengembangan|
|lmyan|,|lumayan|
|lmyn|,|lumayan|
|lngkp|,|lengkap|
|lo|,|kamu|
|loch|,|loh|
|loe|,|kamu|
|lol|,|tertawa|
|lola|,|lambat|
|lom|,|belum|
|louph|,|cinta|
|loupz|,|cinta|
|low|,|kalau|
|lowh|,|kamu|
|lp|,|lupa|
|lu|,|kamu|
|luber|,|langsung umum bebas rahasia|
|luchu|,|lucu|
|luchuw|,|lucu|
|luff|,|cinta|
|lum|,|belum|
|luph|,|cinta|
|luthu|,|lucu|
|lw|,|kamu|
|lwn|,|lawan|
|lwt|,|lewat|
|maacih|,|terima kasih|
|maaciw|,|terima kasih|
|mabal|,|bolos|
|mabes|,|markas besar|
|macem|,|macam|
|macem-macem|,|macam-macam|
|macih|,|masih|
|madesu|,|masa depan suram|
|maem|,|makan|
|maen|,|main|
|magabut|,|makan gaji buta|
|mahatma|,|maju sehat bersama|
|maho|,|homo|
|mak|,|ibu|
|makjang|,|kaget|
|makasih|,|terima kasih|
|maksain|,|memaksa|
|malah|,|bahkan|
|malem|,|malam|
|malu2in|,|memalukan|
|mam|,|makan|
|mamz|,|makan|
|maneh|,|kamu|
|manies|,|manis|
|maniez|,|manis|
|mantep|,|mantap|
|mao|,|mau|
|markus|,|makelar kasus|
|masukin|,|masukkan|
|mba|,|mbak|
|melu|,|ikut|
|mending|,|lebih baik|
|mepet|,|dekat sekali|
|mgkn|,|mungkin|
|mgu|,|minggu|
|mhn|,|mohon|
|migas|,|minyak dan gas bumi|
|miker|,|minuman keras|
|mikol|,|minuman beral kohol|
|milis|,|mailing list|
|miras|,|minuman keras|
|mksd|,|maksud|
|mlah|,|malah|
|mls|,|malas|
|mngkn|,|mungkin|
|mnt|,|minta|
|mo|,|mau|
|moge|,|motor besar|
|mokad|,|mati|
|mokat|,|mati|
|moso|,|masa|
|mosok|,|masa|
|mpe|,|sampai|
|msh|,|masih|
|msk|,|masuk|
|mskpn|,|meskipun|
|mslh|,|masalah|
|msng2|,|masing-masing|
|mt|,|makan teman|
|muahal|,|mahal|
|mubes|,|musyawarah besar|
|muker|,|musyawarah kerja|
|mulu|,|melulu|
|mumet|,|pusing|
|mumpung|,|selagi|
|muna|,|munafik|
|munas|,|musyawarah nasional|
|munaslub|,|musyawarah nasional luar biasa|
|muntaber|,|muntah dan berak|
|musda|,|musyawarah daerah|
|musti|,|mesti|
|muup|,|maaf|
|muupz|,|maaf|
|muuv|,|maaf|
|mw|,|mau|
|mw|,|now watching|
|n|,|dan|
|nal|,|kenal|
|nanam|,|menanam|
|nangis|,|menangis|
|nanya|,|bertanya|
|naon|,|apa|
|napa|,|kenapa|
|napa|,|kenapa|
|napi|,|narapidana|
|napza|,|narkotika|
|naq|,|anak|
|narkoba|,|narkotika|
|narsis|,|bangga pada diri sendiri|
|nasgor|,|makan|
|nax|,|anak|
|nda|,|tidak|
|ndak|,|tidak|
|ndiri|,|sendiri|
|ndut|,|gendut|
|ne|,|ini|
|nekolim|,|neo kolonialisme|
|nekolin|,|neo kolonialisme|
|nelfon|,|menelepon|
|nembak|,|menyatakan cinta|
|ngabis2in|,|menghabiskan|
|ngabuburit|,|menunggu berbuka puasa|
|ngakak|,|tertawa|
|ngaku|,|mengaku|
|ngambek|,|marah|
|ngambil|,|mengambil|
|ngampus|,|pergi ke kampus|
|nganggur|,|tidak punya pekerjaan|
|ngantri|,|mengantri|
|ngapah|,|kenapa|
|ngapain|,|sedangapa|
|ngaret|,|terlambat|
|ngaruh|,|berpengaruh|
|ngasih|,|memberikan|
|ngawur|,|berbicara sembarangan|
|ngebandel|,|berbuat bandel|
|ngeceng|,|kumpul bareng-bareng|
|ngegosip|,|bergosip|
|ngeh|,|sadar|
|ngeklaim|,|mengklaim|
|ngekos|,|tinggal di kos|
|ngeksis|,|menjadi eksis|
|ngelamar|,|melamar|
|ngeles|,|berkilah|
|ngeliat|,|melihat|
|ngelidur|,|menggigau|
|ngemeng|,|bicaraterus-terusan|
|ngerampok|,|merampok|
|ngerti|,|mengerti|
|ngga|,|tidak|
|nggak|,|tidak|
|ngibul|,|berbohong|
|ngikut|,|ikut|
|ngiler|,|mau|
|nginep|,|menginap|
|ngiri|,|iri|
|ngisi|,|mengisi|
|ngisiin|,|mengisikan|
|ngmg|,|bicara|
|ngmng|,|bicara|
|ngocol|,|lucu|
|ngomong|,|bicara|
|ngomongin|,|membicarakan|
|ngubek2|,|mencari-cari|
|ngumpul|,|berkumpul|
|ngurus|,|mengurus|
|ni|,|ini|
|nice|,|bagus|
|nie|,|ini|
|niech|,|nih|
|nih|,|ini|
|nimbrung|,|ikutserta|
|niyh|,|nih|
|nkah|,|nikah|
|nmr|,|nomor|
|nnti|,|nanti|
|nntn|,|nonton|
|no|,|nomor|
|nobar|,|nontonbareng|
|nongkrong|,|kumpul-kumpul|
|np|,|now playing|
|nrp|,|narapidana|
|ntar|,|nanti|
|ntar|,|sebentar|
|ntn|,|nonton|
|nuhun|,|terima kasih|
|numpuk|,|bertumpuk|
|nunggu|,|tunggu|
|nutupin|,|menutupi|
|nyampah|,|membuat sampah|
|nyasar|,|tersesat|
|nyari|,|mencari|
|nyariin|,|mencari|
|nyekar|,|menyekar|
|nyiapin|,|mempersiapkan|
|nyicil|,|mencicil|
|nyiram|,|menyiram|
|nyoblos|,|mencoblos|
|nyok|,|ayo|
|nyokap|,|ibu|
|o/|,|oleh|
|ogah|,|tidak mau|
|ok|,|ok|
|ol|,|online|
|omdo|,|bicara|
|ongkir|,|ongkos|
|oon|,|bodoh|
|oot|,|outoftopic|
|org|,|orang|
|org2|,|orang-orang|
|orkes|,|olah raga dan kesehatan|
|ortu|,|orang tua|
|otda|,|otonomi daerah|
|otre|,|ok|
|otw|,|sedang di jalan|
|pa|,|apa|
|pacal|,|pacar|
|pahe|,|paket hemat|
|pake|,|pakai|
|pakek|,|pakai|
|pala|,|kepala|
|panja|,|panitia kerja|
|pansus|,|panitia khusus|
|pantura|,|pantaiutara|
|parpol|,|partai politik|
|pas2an|,|pas-pasan|
|pasutri|,|pasangan suami istri|
|patas|,|cepat dan terbatas|
|pd|,|pada|
|pdhl|,|padahal|
|pede|,|percayadiri|
|pelatda|,|pemusatan latihan daerah|
|pelatnas|,|pemusatan latihan nasional|
|pembokat|,|pembantu|
|pemda|,|pemerintah daerah|
|pemilu|,|pemilihan umum|
|pemkot|,|pemerintah kota|
|pemprov|,|pemerintah provinsi|
|pemred|,|pemimpin redaksi|
|pengen|,|ingin|
|penjas|,|pendidikan jasmani|
|penmas|,|pendidikan masyarakat|
|perda|,|peraturan daerah|
|perek|,|wanita tuna susila|
|perhatiin|,|perhatikan|
|pertamax|,|pertama|
|pesenan|,|pesanan|
|pesenin|,|pesankan|
|pgang|,|pegang|
|pgi|,|pergi|
|pi|,|tapi|
|pijetin|,|pijitkan|
|pilkada|,|pemilihan kepala daerah|
|pimpro|,|pemimpin proyek|
|pisan|,|sangat|
|pisgor|,|pisang goreng|
|pk|,|penjahat kelamin|
|pke|,|pakai|
|plg|,|paling|
|pm|,|private message|
|pmrnth|,|pemerintah|
|pny|,|punya|
|polantas|,|polisi lalu lintas|
|polwan|,|polisi wanita|
|ponpes|,|pondok pesantren|
|ponsel|,|telepon seluler|
|pp|,|pulang pergi|
|ppa|,|apa|
|prg|,|pergi|
|prikitiw|,|cie|
|priksa|,|periksa|
|prnh|,|pernah|
|pro|,|profesional|
|psen|,|pesan|
|psn|,|pesan|
|pst|,|pasti|
|psti|,|pasti|
|pswt|,|pesawat|
|puanas|,|panas|
|pw|,|posisi nyaman|
|qmo|,|kamu|
|qmu|,|kamu|
|qt|,|kita|
|rakor|,|rapat koordinasi|
|rame|,|ramai|
|ranmor|,|kendaraan bermotor|
|raskin|,|rakyat miskin|
|re|,|reply|
|red|,|redaksi|
|ref|,|referensi|
|reg|,|register|
|rehab|,|rehabilitasi|
|rejeki|,|rezeki|
|rempong|,|sulit|
|renstra|,|rencana strategis|
|repp|,|balas|
|reskrim|,|reserse kriminal|
|restik|,|reserse narkotika|
|rhs|,|Rahasia|
|rhs|,|rahasia|
|rmbt|,|rambut|
|rmh|,|rumah|
|rofl|,|rollingon the floor laughing|
|ru|,|baru|
|rudal|,|peluru kendali|
|ruko|,|rumah toko|
|rusun|,|rumah susun|
|rusunawa|,|rumah susun sewa|
|rutan|,|rumah tahanan|
|ruz|,|terus|
|s4|,|sempat|
|saia|,|saya|
|saiank|,|sayang|
|salting|,|salah tingkah|
|saltum|,|salah kostum|
|sampe|,|sampai|
|sampeyan|,|anda|
|samsek|,|sama sekali|
|sapa|,|siapa|
|sapose|,|siapa|
|satkorlak|,|satuan koordinator pelaksana|
|satpam|,|satuan pengamanan|
|say|,|sayang|
|sbb|,|sebagai berikut|
|sbg|,|sebagai|
|sbh|,|sebuah|
|sblm|,|sebelum|
|sbnrny|,|sebenarnya|
|scara|,|secara|
|scr|,|secara|
|sdg|,|sedang|
|sdgkn|,|sedangkan|
|sdh|,|sudah|
|sdkt|,|sedikit|
|sdngkn|,|sedangkan|
|se7|,|setuju|
|seabrek|,|banyak|
|sebelasduabelas|,|mirip|
|sekjen|,|sekretaris jenderal|
|sembako|,|sembilan bahan pokok|
|sempak|,|celana dalam|
|sempet|,|sempat|
|sempet2nya|,|sempat-sempatnya|
|sendratari|,|seni drama tari|
|sertijab|,|serah terima jabatan|
|sgt|,|sangat|
|sgtunya|,|segitunya|
|shg|,|sehingga|
|sidak|,|inspeksi mendadak|
|siech|,|sih|
|sieyh|,|sih|
|sikon|,|situasi dan kondisi|
|simpedes|,|simpanan pedesaan|
|sinetron|,|sinema elektronik|
|sip|,|ok|
|siramin|,|siramkan|
|sis|,|kakak perempuan|
|sj|,|saja|
|skali|,|sekali|
|skalian|,|sekalian|
|skl|,|sekali|
|sklh|,|sekolah|
|skrg|,|sekarang|
|skt|,|sakit|
|skul|,|sekolah|
|slesai|,|selesai|
|slh|,|salah|
|sll|,|selalu|
|slm|,|salam|
|slma|,|selama|
|slmt|,|selamat|
|slsai|,|selesai|
|slt|,|sulit|
|smpt|,|sempat|
|smua|,|semua|
|smw|,|semua|
|smwny|,|semuanya|
|sndiri|,|sendiri|
|sng|,|senang|
|sni|,|sini|
|soljum|,|sholat jumat|
|somse|,|sombong sekali|
|songong|,|sombong|
|sorry|,|maaf|
|sory|,|maaf|
|sosbud|,|sosial-budaya|
|sosek|,|sosial-ekonomi|
|sospol|,|sosial-politik|
|sotoy|,|soktahu|
|sowry|,|maaf|
|spa|,|siapa|
|spd|,|sepeda|
|sppa|,|siapa|
|sprti|,|seperti|
|spt|,|seperti|
|spy|,|supaya|
|srtfkt|,|sertifikat|
|stelah|,|setelah|
|stiap|,|setiap|
|stiap|,|setiap|
|stlh|,|setelah|
|subbag|,|subbagian|
|suk|,|masuk|
|sumbangin|,|sumbangkan|
|sumpek|,|sempit|
|sy|,|saya|
|syg|,|sayang|
|syp|,|siapa|
|t4|,|tempat|
|tabanas|,|tabungan pembangunan nasional|
|tajir|,|kaya|
|tar|,|nanti|
|tau|,|tahu|
|taun|,|tahun|
|taw|,|tahu|
|tawh|,|tahu|
|td|,|tadi|
|tdi|,|tadi|
|tdk|,|tidak|
|te2p|,|tetap|
|teh|,|kakak perempuan|
|tekor|,|rugi|
|telat|,|terlambat|
|telkom|,|telekomunikasi|
|telmi|,|telat berpikir|
|telp|,|telepon|
|temen|,|teman|
|temen2|,|teman-teman|
|tengil|,|menyebalkan|
|tengok|,|menjenguk|
|tepar|,|terkapar|
|terbitin|,|terbitkan|
|tggu|,|tunggu|
|tgl|,|tanggal|
|tgu|,|tunggu|
|thanks|,|terimakasih|
|thankz|,|terimakasih|
|thd|,|terhadap|
|thn|,|tahun|
|thx|,|Terima Kasih|
|tilang|,|bukti pelanggaran|
|tipi|,|TV|
|tipiwan|,|TvOne|
|tkg|,|tukang|
|tks|,|Terima Kasih|
|tll|,|terlalu|
|tlp|,|telepon|
|tlpn|,|telepon|
|tls|,|tulis|
|tman|,|teman|
|tmbah|,|tambah|
|tmbh|,|tambah|
|tmen2|,|teman-teman|
|tmn2|,|teman-teman|
|tmpah|,|tumpah|
|tmph|,|tumpah|
|tmpt|,|tempat|
|tnda|,|tanda|
|tngu|,|tunggu|
|tnh|,|tanah|
|tnyta|,|ternyata|
|togel|,|totogelap|
|tokai|,|tai|
|tokai|,|tai|
|toserba|,|toko serba ada|
|tp|,|tapi|
|tpi|,|tapi|
|tq|,|Terima Kasih|
|trdhulu|,|terdahulu|
|trgntg|,|tergantung|
|trima|,|Terima Kasih|
|trims|,|Terima Kasih|
|trm|,|terima|
|trnyt|,|ternyata|
|trs|,|terus|
|trus|,|terus|
|trutama|,|terutama|
|trz|,|terus|
|ts|,|penulis|
|tsb|,|tersebut|
|tst|,|tahu sama tahu|
|ttd|,|tertanda|
|ttg|,|tentang|
|ttp|,|tetap|
|tuch|,|tuh|
|tuh|,|itu|
|tuir|,|tua|
|tuwh|,|tuh|
|tw|,|tahu|
|tyap|,|tiap|
|u|,|kamu|
|u/|,|untuk|
|ud|,|sudah|
|uda|,|sudah|
|udah|,|sudah|
|udh|,|sudah|
|ujg|,|ujung|
|ujung2nya|,|ujung-ujungnya|
|ul|,|ulangan|
|ultah|,|ulang tahun|
|unyu|,|lucu|
|unyu|,|menggemaskan|
|uplot|,|unggah|
|uppu|,|apa|
|urang|,|saya|
|urg|,|saya|
|usah|,|perlu|
|utang|,|hutang|
|utk|,|untuk|
|utul|,|ujian tertulis|
|valas|,|valuta asing|
|vol|,|volume|
|w/|,|dengan|
|wad|,|buat|
|wadir|,|wakil direktur|
|wagub|,|wakil gubernur|
|wamil|,|wajib militer|
|waria|,|wanita pria|
|warkop|,|warung kopi|
|warnet|,|warung internet|
|warteg|,|warung tegal|
|wartel|,|warung telekomunikasi|
|wat|,|buat|
|wk|,|tertawa|
|wkt|,|waktu|
|wkwk|,|tertawa|
|wtf|,|what the fuck|
|wth|,|what the hell|
|xixixi|,|tertawa|
|y|,|kenapa|
|ya|,|iya|
|yad|,|yang akan datang|
|yap|,|iya|
|yapz|,|iya|
|yaudah|,|ya sudah|
|yauwda|,|ya sudah|
|yawdah|,|ya sudah|
|ybs|,|yang bersangkutan|
|yg|,|yang|
|yi|,|yaitu|
|yl|,|yang lain|
|yng|,|yang|
|yo|,|iya|
|yoha|,|iya|
|yowes|,|ya sudah|
|yuk|,|ayo|
|yup|,|iya|
|ywdh|,|ya sudah|
|lafer|,|lapar|
|lafar|,|lapar|
|pls|,|pulsa|
|lalod|,|lambat|
|lalo|,|lambat|
|belon|,|belum|
|upload|,|unggah|
|ngilang|,|hilang|
|diskonek|,|putus|
|komplen|,|komplain|
|kesedot|,|kurang|
|nipu|,|tipu|
|inet|,|internet|
|naek|,|naik|
|apusi|,|bohong|
|memble|,|kesal|
|nyusahin|,|sulit|
|ngantre|,|antri|
|sebel|,|kesal|
|prnah|,|pernah|
|dimn|,|dimana|
|stgh|,|setengah|
|dpn|,|depan|
|makasih|,|Terima Kasih|
|mas|,|kakak|
|ngasih|,|memberi|
|udah|,|sudah|
|ngajakin|,|mengajak|
|lma|,|lama|
|kl|,|kalau|
|piye|,|bagaimana|
|aja|,|saja|
|trjdi|,|terjadi|
|pkl|,|pukul|
|btl|,|betul|
|gk|,|ngak|
|blm|,|belum|
|gede|,|besar|
|bngt|,|banget|
|and|,|dan|
|cewe|,|cewek|
|cowo|,|cowok|
|trus|,|terus|
|met|,|selamat|
|daaah|,|dah|
|t*i|,|tai|
|*njing|,|anjing|
|ksh|,|kasih|
