terms,value
indonesia,5
anak,4
hotel,4
aplikasi,3
daerah,3
menteri,3
rp,3
anggota,3
juta,3
ktp,3
2017,3
uang,3
buku,2
pria,2
paris,2
otoritas,2
ruas,2
calon,2
bank,2
saksi,2
menetapkan,2
kebijakan,2
merugikan,2
ora,2
pemilihan,2
anas,2
dpr,2
korupsi,2
kpk,2
gunung,2
bumn,2
membantu,2
sapi,2
sidang,2
kelompok,2
makeup,2
cinta,2
teknologi,2
urbaningrum,2
modal,2
penjor,2
awards,2
serikat,2
utara,2
pt,2
ekspor,2
korban,2
warga,2
meluncurkan,2
rencana,2
memasang,2
penyebab,2
mencari,2
al,2
komisi,2
daftar,2
amerika,2
bali,2
pesawat,2
traveloka,2
la,2
tersangka,2
jakarta,2
bandung,2
dki,2
ihsg,2
mengelak,1
orang,1
meraih,1
mengintai,1
menormalisasi,1
menyita,1
ular,1
surabaya,1
nilai,1
pemerintah,1
sky,1
whatsapp,1
nasional,1
nelayan,1
teknik,1
setiabudi,1
pembebasan,1
pemilih,1
paytren,1
perda,1
menyelidiki,1
menjelang,1
tahukah,1
menerapkan,1
ustad,1
menyebut,1
officer,1
perawatan,1
simbolisasi,1
penutup,1
negeri,1
orangtua,1
subroto,1
siang,1
peran,1
tertinggi,1
mengawasi,1
pemerkosa,1
tjahjo,1
new,1
pelajaran,1
mui,1
pemilu,1
meresahkan,1
terbukti,1
muslim,1
vitamin,1
menengah,1
operating,1
taksi,1
100,1
syahrini,1
termurah,1
pengakuan,1
terbuka,1
tumor,1
menghindari,1
mendukung,1
pembuat,1
peraih,1
syarief,1
terumbu,1
teluk,1
middleton,1
non,1
mengusulkan,1
tua,1
operator,1
miryam,1
soemarno,1
tewas,1
moneter,1
pantura,1
mimo,1
ton,1
piton,1
mengeluarkan,1
yusuf,1
volume,1
sungai,1
mengaji,1
terbatas,1
pengawas,1
penghargaan,1
pengobral,1
sulawesi,1
udara,1
mesin,1
negara,1
tahapan,1
pendekatan,1
wakatobi,1
tunai,1
menyambut,1
menikahi,1
tampilan,1
milik,1
militer,1
titik,1
susi,1
zidane,1
pengguna,1
susu,1
umat,1
penanganan,1
telkomsel,1
ngurah,1
pekerja,1
tomat,1
pandai,1
suka,1
nb,1
note,1
tim,1
operasi,1
penderita,1
pasar,1
online,1
triliun,1
tujuh,1
npl,1
menyantap,1
mengangkut,1
menggerakan,1
menghambat,1
mobil88,1
merusak,1
wilayah,1
pembayaran,1
teroris,1
unjuk,1
penggunaan,1
mengalir,1
menggandakan,1
